{"Loss": 0.0028755785733665107, "_timestamp": 1710774010.8254604, "_runtime": 383.5415744781494, "_step": 161, "_wandb": {"runtime": 382}}